,bez_nr,einwohner,flaeche_ha,einwohnerdichte
count,25.0,25.0,25.0,25.0
mean,13.0,64151.04,1242.9160000000002,74.32
std,7.359800721939872,23755.12692992118,905.8058579151127,40.34302913763418
min,1.0,20876.0,207.03,18.0
25%,7.0,51637.0,440.17,50.0
50%,13.0,61011.0,922.38,66.0
75%,19.0,77092.0,1776.35,104.0
max,25.0,120776.0,3405.73,157.0
